player_name,type,short_form,year,price_in_per_10_lakh,price_in_cr
Christopher Morris,All-Rounder,CSK,2013,0.62,0.062
Dirk Nannes,Bowler,CSK,2013,0.6,0.06
Ben Laughlin,Bowler,CSK,2013,0.02,0.002
Akila Dananjaya,All-Rounder,CSK,2013,0.02,0.002
Jason Holder,Bowler,CSK,2013,0.02,0.002
Johan Botha,All-Rounder,DC,2013,0.45,0.045
Jesse Ryder,All-Rounder,DC,2013,0.26,0.026000000000000002
Jeevan Mendis,All-Rounder,DC,2013,0.05,0.005
Manpreet Gony,Bowler,PBKS,2013,0.5,0.05
Luke Pomersbach,Batsman,PBKS,2013,0.3,0.03
Sachithra Senanayaka,All-Rounder,KKR,2013,0.62,0.062
Ryan McLaren,Bowler,KKR,2013,0.05,0.005
Glenn Maxwell,All-Rounder,MI,2013,1.0,0.1
Nathan Coulter-Nile,Bowler,MI,2013,0.45,0.045
Ricky Ponting,Batsman,MI,2013,0.4,0.04
Philip Hughes,Batsman,MI,2013,0.1,0.01
Jacob Oram,All-Rounder,MI,2013,0.05,0.005
Ajantha Mendis,Bowler,PWI,2013,0.72,0.072
Kane Richardson,Bowler,PWI,2013,0.7,0.06999999999999999
Abhishek Nayar,All-Rounder,PWI,2013,0.68,0.068
Michael Clarke,Batsman,PWI,2013,0.4,0.04
James Faulkner,All-Rounder,RR,2013,0.4,0.04
Fidel Edwards,Bowler,RR,2013,0.21,0.020999999999999998
Kusal Janith Perera,Wicket-Keeper,RR,2013,0.02,0.002
Jaydev Unadkat,Bowler,RCB,2013,0.52,0.052000000000000005
Rudra Pratap Singh,Bowler,RCB,2013,0.4,0.04
Moises Henriques,All-Rounder,RCB,2013,0.3,0.03
Ravi Rampaul,Bowler,RCB,2013,0.29,0.028999999999999998
Pankaj Singh,Bowler,RCB,2013,0.15,0.015
Daniel Christian,All-Rounder,RCB,2013,0.1,0.01
Christopher Barnwell,All-Rounder,RCB,2013,0.05,0.005
Thisara Perera,All-Rounder,SRH,2013,0.68,0.068
Darren Sammy,All-Rounder,SRH,2013,0.42,0.041999999999999996
Sudeep Tyagi,Bowler,SRH,2013,0.1,0.01
Clinton McKay,Bowler,SRH,2013,0.1,0.01
Nathan McCullum,Bowler,SRH,2013,0.1,0.01
Quinton De Kock,Wicket-Keeper,SRH,2013,0.02,0.002
Faf Du Plessis,Batsman,CSK,2014,47.5,4.75
Dwayne Smith,Batsman,CSK,2014,45.0,4.5
Brendon McCullum,Wicket-Keeper,CSK,2014,32.5,3.25
Ashish Nehra,Bowler,CSK,2014,20.0,2.0
Mohit Sharma,Bowler,CSK,2014,20.0,2.0
Ishwar Chandra Pandey,Bowler,CSK,2014,15.0,1.5
Ben Hilfenhaus,Bowler,CSK,2014,10.0,1.0
John Hastings,All-Rounder,CSK,2014,5.0,0.5
Samuel Badree,Bowler,CSK,2014,3.0,0.3
Matt Henry,Bowler,CSK,2014,3.0,0.3
Mithun Manhas,All-Rounder,CSK,2014,3.0,0.3
Vijay Shankar,All-Rounder,CSK,2014,1.0,0.1
Ronit More,Bowler,CSK,2014,1.0,0.1
Baba Aparajith,Batsman,CSK,2014,1.0,0.1
Pawan Negi,Bowler,CSK,2014,1.0,0.1
Dinesh Karthik,Wicket-Keeper,DC,2014,125.0,12.5
Kevin Pietersen,Batsman,DC,2014,90.0,9.0
Murali Vijay,Batsman,DC,2014,50.0,5.0
Mohammad Shami,Bowler,DC,2014,42.5,4.25
Nathan Coulter-Nile,Bowler,DC,2014,42.5,4.25
Quinton De Kock,Wicket-Keeper,DC,2014,35.0,3.5
Manoj Tiwary,Batsman,DC,2014,28.0,2.8
Jaydev Unadkat,Bowler,DC,2014,28.0,2.8
Jean-Paul Duminy,Batsman,DC,2014,22.0,2.2
Ross Taylor,Batsman,DC,2014,20.0,2.0
Kedar Jadhav,Batsman,DC,2014,20.0,2.0
Rahul Sharma,Bowler,DC,2014,19.0,1.9
Mayank Agarwal,Batsman,DC,2014,16.0,1.6
Laxmi Ratan Shukla,All-Rounder,DC,2014,15.0,1.5
James Neesham,All-Rounder,DC,2014,10.0,1.0
Wayne Parnell,Bowler,DC,2014,10.0,1.0
Shahbaz Nadeem,Bowler,DC,2014,8.5,0.85
Saurabh Tiwary,Batsman,DC,2014,7.0,0.7
Siddarth Kaul,Bowler,DC,2014,4.5,0.45
Rahul Shukla,Bowler,DC,2014,4.0,0.4
Jayant Yadav,All-Rounder,DC,2014,1.0,0.1
HS Sharath,Bowler,DC,2014,1.0,0.1
Milind Kumar,Batsman,DC,2014,1.0,0.1
Mitchell Johnson,All-Rounder,PBKS,2014,65.0,6.5
Glenn Maxwell,All-Rounder,PBKS,2014,60.0,6.0
George Bailey,Batsman,PBKS,2014,32.5,3.25
Virender Sehwag,Batsman,PBKS,2014,32.0,3.2
Rishi Dhawan,All-Rounder,PBKS,2014,30.0,3.0
Wriddhiman Saha,Wicket-Keeper,PBKS,2014,22.0,2.2
Shaun Marsh,Batsman,PBKS,2014,22.0,2.2
Cheteshwar Pujara,Batsman,PBKS,2014,19.0,1.9
Beuran Hendricks,Bowler,PBKS,2014,18.0,1.8
Lakshmipathy Balaji,Bowler,PBKS,2014,18.0,1.8
Thisara Perera,All-Rounder,PBKS,2014,16.0,1.6
Gurkirat Singh Mann,Batsman,PBKS,2014,13.0,1.3
Murali Kartik,Bowler,PBKS,2014,10.0,1.0
Sandeep Sharma,Bowler,PBKS,2014,8.5,0.85
Mandeep Hardev Singh,All-Rounder,PBKS,2014,8.0,0.8
Akshar Rajesh Patel,All-Rounder,PBKS,2014,7.5,0.75
Parvinder Awana,Bowler,PBKS,2014,6.5,0.65
Shardul Narendra Thakur,Bowler,PBKS,2014,2.0,0.2
Anureet Singh,Bowler,PBKS,2014,2.0,0.2
Shivam Sharma,Bowler,PBKS,2014,1.0,0.1
Karanveer Singh,All-Rounder,PBKS,2014,1.0,0.1
Jacques Kallis,All-Rounder,KKR,2014,55.0,5.5
Robin Uthappa,Batsman,KKR,2014,50.0,5.0
Piyush Chawla,Bowler,KKR,2014,42.5,4.25
Yusuf Pathan,All-Rounder,KKR,2014,32.5,3.25
Shakib Al Hasan,All-Rounder,KKR,2014,28.0,2.8
Morne Morkel,Bowler,KKR,2014,28.0,2.8
Ranganath Vinay Kumar,Bowler,KKR,2014,28.0,2.8
Umesh Yadav,Bowler,KKR,2014,26.0,2.6
Manish Pandey,Batsman,KKR,2014,17.0,1.7
Chris Lynn,Batsman,KKR,2014,13.0,1.3
Patrick Cummins,Bowler,KKR,2014,10.0,1.0
Ryan Ten Doeschate,All-Rounder,KKR,2014,10.0,1.0
Suryakumar Yadav,Batsman,KKR,2014,7.0,0.7
Andre Russell,All-Rounder,KKR,2014,6.0,0.6
Manvinder Bisla,Wicket-Keeper,KKR,2014,6.0,0.6
Veer Pratap Singh,Bowler,KKR,2014,4.0,0.4
Kuldeep Singh Yadav,Bowler,KKR,2014,4.0,0.4
Debabrata Das,Wicket-Keeper,KKR,2014,2.0,0.2
Sayan Sekhar Mandal,All-Rounder,KKR,2014,1.0,0.1
Michael Hussey,Batsman,MI,2014,50.0,5.0
Corey Anderson,All-Rounder,MI,2014,45.0,4.5
Pragyan Ojha,Bowler,MI,2014,32.5,3.25
Zaheer Khan,Bowler,MI,2014,26.0,2.6
Aditya Tare,Wicket-Keeper,MI,2014,16.0,1.6
Jasprit Bumrah,Bowler,MI,2014,12.0,1.2
Jalaj Saxena,All-Rounder,MI,2014,9.0,0.9
Josh Hazlewood,Bowler,MI,2014,5.0,0.5
Marchant De Lange,Bowler,MI,2014,3.0,0.3
Krismar Santokie,Bowler,MI,2014,3.0,0.3
Ben Dunk,Wicket-Keeper,MI,2014,2.0,0.2
C.M. Gautam,Wicket-Keeper,MI,2014,2.0,0.2
Apoorv Vijay Wankhade,Batsman,MI,2014,1.0,0.1
Pawan Suyal,Bowler,MI,2014,1.0,0.1
Sushant Marathe,Wicket-Keeper,MI,2014,1.0,0.1
Shreyas Gopal,Bowler,MI,2014,1.0,0.1
Steven Smith,All-Rounder,RR,2014,40.0,4.0
Brad Hodge,Batsman,RR,2014,24.0,2.4
Rajat Bhatia,All-Rounder,RR,2014,17.0,1.7
Tim Southee,Bowler,RR,2014,12.0,1.2
Dhawal Kulkarni,Bowler,RR,2014,11.0,1.1
Abhishek Nayar,All-Rounder,RR,2014,10.0,1.0
Kane Richardson,Bowler,RR,2014,10.0,1.0
Ben Cutting,Bowler,RR,2014,8.0,0.8
Karun Nair,Batsman,RR,2014,7.5,0.75
Unmukt Chand,Batsman,RR,2014,6.5,0.65
Iqbal Abdullah,All-Rounder,RR,2014,6.5,0.65
Deepak Hooda,Bowler,RR,2014,4.0,0.4
Dishant Yagnik,Wicket-Keeper,RR,2014,3.0,0.3
Kevon Cooper,All-Rounder,RR,2014,3.0,0.3
Vikramjeet Malik,Bowler,RR,2014,2.0,0.2
Ankit Nagendra Sharma,Bowler,RR,2014,1.0,0.1
Rahul Tewatia,All-Rounder,RR,2014,1.0,0.1
Ankush Bains,Wicket-Keeper,RR,2014,1.0,0.1
Amit Mishra,Bowler,RR,2014,1.0,0.1
Pravin Tambe,Bowler,RR,2014,1.0,0.1
Yuvraj Singh,All-Rounder,RCB,2014,140.0,14.0
Mitchell Starc,Bowler,RCB,2014,50.0,5.0
Albie Morkel,All-Rounder,RCB,2014,24.0,2.4
Varun Aaron,Bowler,RCB,2014,20.0,2.0
Ashok Dinda,Bowler,RCB,2014,15.0,1.5
Parthiv Patel,Wicket-Keeper,RCB,2014,14.0,1.4
Muttiah Muralitharan,Bowler,RCB,2014,10.0,1.0
Ravi Rampaul,Bowler,RCB,2014,9.0,0.9
Nic Maddinson,Batsman,RCB,2014,5.0,0.5
Harshal Patel,Bowler,RCB,2014,4.0,0.4
Vijay Zol,Batsman,RCB,2014,3.0,0.3
Abu Nechim Ahmed,Bowler,RCB,2014,3.0,0.3
Sachin Rana,Bowler,RCB,2014,2.0,0.2
Shadab Jakati,Bowler,RCB,2014,2.0,0.2
Sandeep Warrier,Bowler,RCB,2014,1.0,0.1
Tanmay Mishra,Batsman,RCB,2014,1.0,0.1
Yogesh Takawale,Wicket-Keeper,RCB,2014,1.0,0.1
Yuzvendra Singh Chahal,Bowler,RCB,2014,1.0,0.1
David Warner,Batsman,SRH,2014,55.0,5.5
Amit Mishra,Bowler,SRH,2014,47.5,4.75
Bhuvneshwar Kumar,Bowler,SRH,2014,42.5,4.25
Aaron Finch,Batsman,SRH,2014,40.0,4.0
Karn Sharma,Bowler,SRH,2014,37.5,3.75
Darren Sammy,All-Rounder,SRH,2014,35.0,3.5
Ishant Sharma,Bowler,SRH,2014,26.0,2.6
Irfan Pathan,All-Rounder,SRH,2014,24.0,2.4
Moises Henriques,All-Rounder,SRH,2014,10.0,1.0
KL Rahul,Batsman,SRH,2014,10.0,1.0
Parveez Rasool,All-Rounder,SRH,2014,9.5,0.95
Jason Holder,Bowler,SRH,2014,7.5,0.75
Venugopal Rao,Batsman,SRH,2014,5.5,0.55
Naman Ojha,Wicket-Keeper,SRH,2014,5.0,0.5
Brendan Taylor,Wicket-Keeper,SRH,2014,3.0,0.3
Prasanth Parameswaran,Bowler,SRH,2014,3.0,0.3
Amit Paunikar,Wicket-Keeper,SRH,2014,2.0,0.2
Ashish Reddy,Bowler,SRH,2014,2.0,0.2
Srikkanth Anirudha,Batsman,SRH,2014,2.0,0.2
Ricky Bhui,Batsman,SRH,2014,1.0,0.1
Chama Milind,Bowler,SRH,2014,1.0,0.1
Manprit Juneja,Batsman,SRH,2014,1.0,0.1
Michael Hussey,Batsman,CSK,2015,15.0,1.5
Irfan Pathan,All-Rounder,CSK,2015,15.0,1.5
Rahul Sharma,Bowler,CSK,2015,3.0,0.3
Kyle Abbott,Bowler,CSK,2015,3.0,0.3
Andrew Tye,Bowler,CSK,2015,2.0,0.2
Pratyush Singh,All-Rounder,CSK,2015,1.0,0.1
Ankush Bains,Wicket-Keeper,CSK,2015,1.0,0.1
Eklavya Dwivedi,Wicket-Keeper,CSK,2015,1.0,0.1
Yuvraj Singh,Batsman,DC,2015,160.0,16.0
Angelo Mathews,All-Rounder,DC,2015,75.0,7.5
Zaheer Khan,Bowler,DC,2015,40.0,4.0
Amit Mishra,Bowler,DC,2015,35.0,3.5
Shreyas Iyer,Batsman,DC,2015,26.0,2.6
Gurinder Sandhu,Bowler,DC,2015,17.0,1.7
Jaydev Unadkat,Bowler,DC,2015,11.0,1.1
Domnic Joseph Muthuswamy,Bowler,DC,2015,7.5,0.75
Albie Morkel,All-Rounder,DC,2015,3.0,0.3
Travis Head,Batsman,DC,2015,3.0,0.3
Marcus Stoinis,All-Rounder,DC,2015,2.5,0.25
C.M. Gautam,Wicket-Keeper,DC,2015,2.0,0.2
Kona Srikar Bharat,Wicket-Keeper,DC,2015,1.0,0.1
K.K. Jiyaz,Bowler,DC,2015,1.0,0.1
Murali Vijay,Batsman,PBKS,2015,30.0,3.0
Nikhil Shankar Naik,Wicket-Keeper,PBKS,2015,3.0,0.3
Yogesh Gowalkar,All-Rounder,PBKS,2015,1.0,0.1
K.C. Cariappa,Bowler,KKR,2015,24.0,2.4
James Neesham,All-Rounder,KKR,2015,5.0,0.5
Brad Hogg,Bowler,KKR,2015,5.0,0.5
Aditya Garhwal,All-Rounder,KKR,2015,2.5,0.25
Sheldon Jackson,Batsman,KKR,2015,1.5,0.15
Sumit Narwal,All-Rounder,KKR,2015,1.0,0.1
Vaibhav Rawal,All-Rounder,KKR,2015,1.0,0.1
Aaron Finch,Batsman,MI,2015,32.0,3.2
Pragyan Ojha,Bowler,MI,2015,5.0,0.5
Abhimanyu Mithun,Bowler,MI,2015,3.0,0.3
Mitchell McClenaghan,Bowler,MI,2015,3.0,0.3
Aiden Blizzard,Batsman,MI,2015,3.0,0.3
Hardik Pandya,All-Rounder,MI,2015,1.0,0.1
Akshay Wakhare,Bowler,MI,2015,1.0,0.1
Nitish Rana,All-Rounder,MI,2015,1.0,0.1
Siddhesh Dinesh Lad,All-Rounder,MI,2015,1.0,0.1
J. Suchitch,All-Rounder,MI,2015,1.0,0.1
Christopher Morris,All-Rounder,RR,2015,14.0,1.4
Juan Theron,Bowler,RR,2015,3.0,0.3
Barinder Singh Saran,Bowler,RR,2015,1.0,0.1
Dinesh Salunkhe,All-Rounder,RR,2015,1.0,0.1
Sagar Trivedi,All-Rounder,RR,2015,1.0,0.1
Pardeep Sahu,All-Rounder,RR,2015,1.0,0.1
Dinesh Karthik,Wicket-Keeper,RCB,2015,105.0,10.5
Darren Sammy,All-Rounder,RCB,2015,28.0,2.8
David Wiese,All-Rounder,RCB,2015,28.0,2.8
Sean Abbott,Bowler,RCB,2015,10.0,1.0
Adam Milne,Bowler,RCB,2015,7.0,0.7
Sarfaraz Naushad Khan,Batsman,RCB,2015,5.0,0.5
Subramaniam Badrinath,Batsman,RCB,2015,3.0,0.3
Jalaj Saxena,All-Rounder,RCB,2015,1.0,0.1
Shishir Bhavane,Batsman,RCB,2015,1.0,0.1
Trent Boult,Bowler,SRH,2015,38.0,3.8
Praveen Kumar,Bowler,SRH,2015,22.0,2.2
Kevin Pietersen,Batsman,SRH,2015,20.0,2.0
Eoin Morgan,Batsman,SRH,2015,15.0,1.5
Ravi Bopara,All-Rounder,SRH,2015,10.0,1.0
Kane Williamson,All-Rounder,SRH,2015,6.0,0.6
Laxmi Ratan Shukla,All-Rounder,SRH,2015,3.0,0.3
Prasanth Padmanabhan,All-Rounder,SRH,2015,1.0,0.1
Hanuma Vihari,Batsman,SRH,2015,1.0,0.1
Siddarth Kaul,Bowler,SRH,2015,1.0,0.1
Pawan Negi,All-Rounder,DC,2016,85.0,8.5
Christopher Morris,All-Rounder,DC,2016,70.0,7.0
Sanju Samson,Wicket-Keeper,DC,2016,42.0,4.2
Carlos Brathwaite,All-Rounder,DC,2016,42.0,4.2
Karun Nair,Batsman,DC,2016,40.0,4.0
Rishabh Pant,Wicket-Keeper,DC,2016,19.0,1.9
Joel Paris,Bowler,DC,2016,3.0,0.3
Sam Billings,Wicket-Keeper,DC,2016,3.0,0.3
Chama Milind,Bowler,DC,2016,1.0,0.1
Pratyush Singh,All-Rounder,DC,2016,1.0,0.1
Mahipal Lomror,All-Rounder,DC,2016,1.0,0.1
Syed Khaleel Ahmed,All-Rounder,DC,2016,1.0,0.1
Akhil Arvind Herwadkar,All-Rounder,DC,2016,1.0,0.1
Pawan Suyal,Bowler,DC,2016,1.0,0.1
Praveen Kumar,Bowler,GT,2016,35.0,3.5
Dale Steyn,Bowler,GT,2016,23.0,2.3
Dinesh Karthik,Wicket-Keeper,GT,2016,23.0,2.3
Dwayne Smith,All-Rounder,GT,2016,23.0,2.3
Dhawal Kulkarni,Bowler,GT,2016,20.0,2.0
Aaron Finch,Batsman,GT,2016,10.0,1.0
Eklavya Dwivedi,Wicket-Keeper,GT,2016,10.0,1.0
Andrew Tye,All-Rounder,GT,2016,5.0,0.5
Ishan Kishan,Wicket-Keeper,GT,2016,3.5,0.35
Jaydev Shah,All-Rounder,GT,2016,2.0,0.2
Shadab Jakati,All-Rounder,GT,2016,2.0,0.2
Pravin Tambe,Bowler,GT,2016,2.0,0.2
Pradeep Sangwan,All-Rounder,GT,2016,2.0,0.2
Amit Mishra,Bowler,GT,2016,1.0,0.1
Shivil Kaushik,Bowler,GT,2016,1.0,0.1
Akshdeep Nath,All-Rounder,GT,2016,1.0,0.1
Sarabjit Ladda,Bowler,GT,2016,1.0,0.1
Umang Sharma,Batsman,GT,2016,1.0,0.1
Paras Dogra,Batsman,GT,2016,1.0,0.1
Mohit Sharma,Bowler,PBKS,2016,65.0,6.5
Kyle Abbott,Bowler,PBKS,2016,21.0,2.1
K.C. Cariappa,Bowler,PBKS,2016,8.0,0.8
Marcus Stoinis,All-Rounder,PBKS,2016,5.5,0.55
Farhaan Behardien,All-Rounder,PBKS,2016,3.0,0.3
Pardeep Sahu,All-Rounder,PBKS,2016,1.0,0.1
Armaan Jaffer,Batsman,PBKS,2016,1.0,0.1
Swapnil Singh,All-Rounder,PBKS,2016,1.0,0.1
Jaydev Unadkat,Bowler,KKR,2016,16.0,1.6
Ankit Singh Rajpoot,Bowler,KKR,2016,15.0,1.5
John Hastings,Bowler,KKR,2016,13.0,1.3
Jason Holder,All-Rounder,KKR,2016,7.0,0.7
Colin Munro,All-Rounder,KKR,2016,3.0,0.3
Rajagopal Sathish,All-Rounder,KKR,2016,2.0,0.2
Manan Ajay Sharma,All-Rounder,KKR,2016,1.0,0.1
Jos Buttler,Wicket-Keeper,MI,2016,38.0,3.8
Nathu Singh,Bowler,MI,2016,32.0,3.2
Tim Southee,Bowler,MI,2016,25.0,2.5
Krunal Pandya,All-Rounder,MI,2016,20.0,2.0
Kishore Pramod Kamath,All-Rounder,MI,2016,14.0,1.4
Deepak Punia,All-Rounder,MI,2016,1.0,0.1
Jitesh Sharma,Wicket-Keeper,MI,2016,1.0,0.1
Mitchell Marsh,All-Rounder,RPS,2016,48.0,4.8
M. Ashwin,Bowler,RPS,2016,45.0,4.5
Ishant Sharma,Bowler,RPS,2016,38.0,3.8
Kevin Pietersen,Batsman,RPS,2016,35.0,3.5
Irfan Pathan,All-Rounder,RPS,2016,10.0,1.0
Thisara Perera,All-Rounder,RPS,2016,10.0,1.0
Rajat Bhatia,All-Rounder,RPS,2016,6.0,0.6
Ashok Dinda,Bowler,RPS,2016,5.0,0.5
Scott Boland,Bowler,RPS,2016,5.0,0.5
Peter Handscomb,Wicket-Keeper,RPS,2016,3.0,0.3
Rudra Pratap Singh,Bowler,RPS,2016,3.0,0.3
Adam Zampa,Bowler,RPS,2016,3.0,0.3
Ishwar Chandra Pandey,Bowler,RPS,2016,2.0,0.2
Deepak Chahar,All-Rounder,RPS,2016,1.0,0.1
Jaskaran Singh,Bowler,RPS,2016,1.0,0.1
Baba Aparajith,All-Rounder,RPS,2016,1.0,0.1
Ankush Bains,Wicket-Keeper,RPS,2016,1.0,0.1
Ankit Sharma,All-Rounder,RPS,2016,1.0,0.1
Shane Watson,All-Rounder,RCB,2016,95.0,9.5
Stuart Binny,All-Rounder,RCB,2016,20.0,2.0
Kane Richardson,Bowler,RCB,2016,20.0,2.0
Samuel Badree,Bowler,RCB,2016,5.0,0.5
Travis Head,Batsman,RCB,2016,5.0,0.5
Praveen Dubey,All-Rounder,RCB,2016,3.5,0.35
Vikramjeet Malik,Bowler,RCB,2016,2.0,0.2
Akshay Karnewar,All-Rounder,RCB,2016,1.0,0.1
Iqbal Abdullah,All-Rounder,RCB,2016,1.0,0.1
Sachin Baby,Batsman,RCB,2016,1.0,0.1
Vikas Tokas,Bowler,RCB,2016,1.0,0.1
Yuvraj Singh,All-Rounder,SRH,2016,70.0,7.0
Ashish Nehra,Bowler,SRH,2016,55.0,5.5
Deepak Hooda,All-Rounder,SRH,2016,42.0,4.2
Mustafizur Rahman,Bowler,SRH,2016,14.0,1.4
Aditya Tare,Wicket-Keeper,SRH,2016,12.0,1.2
Barinder Singh Sran,Bowler,SRH,2016,12.0,1.2
Ben Cutting,All-Rounder,SRH,2016,5.0,0.5
Vijay Shankar,All-Rounder,SRH,2016,3.5,0.35
Abhimanyu Mithun,Bowler,SRH,2016,3.0,0.3
Tirumalasetti Suman,Batsman,SRH,2016,1.0,0.1
Kagiso Rabada,Bowler,DC,2017,50.0,5.0
Patrick Cummins,Bowler,DC,2017,45.0,4.5
Angelo Mathews,All-Rounder,DC,2017,20.0,2.0
Corey Anderson,All-Rounder,DC,2017,10.0,1.0
M. Ashwin,Bowler,DC,2017,10.0,1.0
Aditya Tare,Wicket-Keeper,DC,2017,2.5,0.25
Ankeet Bawane,Batsman,DC,2017,1.0,0.1
Navdeep Saini,Bowler,DC,2017,1.0,0.1
Shashank Singh,All-Rounder,DC,2017,1.0,0.1
Jason Roy,Batsman,GT,2017,10.0,1.0
Basil Thampi,Bowler,GT,2017,8.5,0.85
Manpreet Gony,Bowler,GT,2017,6.0,0.6
Nathu Singh,Bowler,GT,2017,5.0,0.5
Munaf Patel,Bowler,GT,2017,3.0,0.3
Akshdeep Nath,All-Rounder,GT,2017,1.0,0.1
Shubam Agrawal,All-Rounder,GT,2017,1.0,0.1
Tejas Singh Baroka,Bowler,GT,2017,1.0,0.1
Chirag Suri,Batsman,GT,2017,1.0,0.1
Pratham Singh,All-Rounder,GT,2017,1.0,0.1
Shelley Shaurya,Bowler,GT,2017,1.0,0.1
T Natarajan,Bowler,PBKS,2017,30.0,3.0
Varun Aaron,Bowler,PBKS,2017,28.0,2.8
Eoin Morgan,Batsman,PBKS,2017,20.0,2.0
Matt Henry,Bowler,PBKS,2017,5.0,0.5
Martin Guptill,Batsman,PBKS,2017,5.0,0.5
Darren Sammy,All-Rounder,PBKS,2017,3.0,0.3
Rahul Tewatia,All-Rounder,PBKS,2017,2.5,0.25
Rinku Singh,Batsman,PBKS,2017,1.0,0.1
Trent Boult,Bowler,KKR,2017,50.0,5.0
Chris Woakes,All-Rounder,KKR,2017,42.0,4.2
Nathan Coulter-Nile,Bowler,KKR,2017,35.0,3.5
Rishi Dhawan,All-Rounder,KKR,2017,5.5,0.55
Darren Bravo,Batsman,KKR,2017,5.0,0.5
Rovman Powell,All-Rounder,KKR,2017,3.0,0.3
Sayan Ghosh,Bowler,KKR,2017,1.0,0.1
R. Sanjay Yadav,All-Rounder,KKR,2017,1.0,0.1
Ishank Jaggi,Batsman,KKR,2017,1.0,0.1
Karn Sharma,All-Rounder,MI,2017,32.0,3.2
Krishnappa Gowtham,All-Rounder,MI,2017,20.0,2.0
Mitchell Johnson,Bowler,MI,2017,20.0,2.0
Asela Gunarathna,Batsman,MI,2017,3.0,0.3
Saurabh Tiwary,Batsman,MI,2017,3.0,0.3
Nicolas Pooran,Wicket-Keeper,MI,2017,3.0,0.3
Kulwant Khejroliya,Bowler,MI,2017,1.0,0.1
Benjamin Stokes,All-Rounder,RPS,2017,145.0,14.5
Daniel Christian,All-Rounder,RPS,2017,10.0,1.0
Manoj Tiwary,Batsman,RPS,2017,5.0,0.5
Lockie Ferguson,Bowler,RPS,2017,5.0,0.5
Jaydev Unadkat,Bowler,RPS,2017,3.0,0.3
Rahul Chahar,Bowler,RPS,2017,1.0,0.1
Saurabh Kumar,Bowler,RPS,2017,1.0,0.1
Milind Tandon,All-Rounder,RPS,2017,1.0,0.1
Rahul Ajay Tripathi,All-Rounder,RPS,2017,1.0,0.1
Tymal Mills,Bowler,RCB,2017,120.0,12.0
Aniket Choudhary,Bowler,RCB,2017,20.0,2.0
Pawan Negi,All-Rounder,RCB,2017,10.0,1.0
Billy Stanlake,Bowler,RCB,2017,3.0,0.3
Praveen Dubey,All-Rounder,RCB,2017,1.0,0.1
Rashid Khan Arman,Bowler,SRH,2017,40.0,4.0
Mohammed Siraj,Bowler,SRH,2017,26.0,2.6
Eklavya Dwivedi,Wicket-Keeper,SRH,2017,7.5,0.75
Chris Jordan,All-Rounder,SRH,2017,5.0,0.5
Mohammad Nabi,All-Rounder,SRH,2017,3.0,0.3
Ben Laughlin,Bowler,SRH,2017,3.0,0.3
Pravin Tambe,Bowler,SRH,2017,1.0,0.1
Tanmay Agarwal,Batsman,SRH,2017,1.0,0.1
Kedar Jadhav,All-Rounder,CSK,2018,78.0,7.8
Dwayne Bravo,All-Rounder,CSK,2018,64.0,6.4
Karn Sharma,Bowler,CSK,2018,50.0,5.0
Shane Watson,All-Rounder,CSK,2018,40.0,4.0
Shardul Narendra Thakur,Bowler,CSK,2018,26.0,2.6
Ambati Rayudu,Wicket-Keeper,CSK,2018,22.0,2.2
Murali Vijay,Batsman,CSK,2018,20.0,2.0
Harbhajan Singh,Bowler,CSK,2018,20.0,2.0
Faf Du Plessis,Batsman,CSK,2018,16.0,1.6
Mark Wood,Bowler,CSK,2018,15.0,1.5
Sam Billings,Wicket-Keeper,CSK,2018,10.0,1.0
Imran Tahir,Bowler,CSK,2018,10.0,1.0
Deepak Chahar,All-Rounder,CSK,2018,8.0,0.8
Mitchell Santner,All-Rounder,CSK,2018,5.0,0.5
Lungisani Ngidi,Bowler,CSK,2018,5.0,0.5
Asif K M,Bowler,CSK,2018,4.0,0.4
N Jagadeesan,Wicket-Keeper,CSK,2018,2.0,0.2
Kanishk Seth,All-Rounder,CSK,2018,2.0,0.2
Monu Singh,Bowler,CSK,2018,2.0,0.2
Dhruv Shorey,All-Rounder,CSK,2018,2.0,0.2
Kshitiz Sharma,All-Rounder,CSK,2018,2.0,0.2
Chaitanya Bishnoi,All-Rounder,CSK,2018,2.0,0.2
Glenn Maxwell,All-Rounder,DC,2018,90.0,9.0
Kagiso Rabada,Bowler,DC,2018,42.0,4.2
Amit Mishra,Bowler,DC,2018,40.0,4.0
Shahbaz Nadeem,Bowler,DC,2018,32.0,3.2
Vijay Shankar,All-Rounder,DC,2018,32.0,3.2
Rahul Tewatia,All-Rounder,DC,2018,30.0,3.0
Mohammad Shami,Bowler,DC,2018,30.0,3.0
Gautam Gambhir,Batsman,DC,2018,28.0,2.8
Trent Boult,Bowler,DC,2018,22.0,2.2
Colin Munro,All-Rounder,DC,2018,19.0,1.9
Daniel Christian,All-Rounder,DC,2018,15.0,1.5
Jason Roy,Batsman,DC,2018,15.0,1.5
Naman Ojha,Wicket-Keeper,DC,2018,14.0,1.4
Prithvi Shaw,Batsman,DC,2018,12.0,1.2
Gurkeerat Singh Mann,All-Rounder,DC,2018,7.5,0.75
Avesh Khan,Bowler,DC,2018,7.0,0.7
Abhishek Sharma,All-Rounder,DC,2018,5.5,0.55
Jayant Yadav,All-Rounder,DC,2018,5.0,0.5
Harshal Patel,All-Rounder,DC,2018,2.0,0.2
Manjot Kalra,Batsman,DC,2018,2.0,0.2
Sandeep Lamichhane,Bowler,DC,2018,2.0,0.2
Sayan Ghosh,Bowler,DC,2018,2.0,0.2
KL Rahul,Batsman,PBKS,2018,110.0,11.0
Ravichandran Ashwin,All-Rounder,PBKS,2018,76.0,7.6
Andrew Tye,Bowler,PBKS,2018,72.0,7.2
Aaron Finch,Batsman,PBKS,2018,62.0,6.2
Marcus Stoinis,All-Rounder,PBKS,2018,62.0,6.2
Karun Nair,Batsman,PBKS,2018,56.0,5.6
Mujeeb Zadran,Bowler,PBKS,2018,40.0,4.0
Ankit Singh Rajpoot,Bowler,PBKS,2018,30.0,3.0
David Miller,Batsman,PBKS,2018,30.0,3.0
Mohit Sharma,Bowler,PBKS,2018,24.0,2.4
Barinder Singh Sran,Bowler,PBKS,2018,22.0,2.2
Yuvraj Singh,All-Rounder,PBKS,2018,20.0,2.0
Christopher Gayle,Batsman,PBKS,2018,20.0,2.0
Ben Dwarshuis,Bowler,PBKS,2018,14.0,1.4
Akshdeep Nath,All-Rounder,PBKS,2018,10.0,1.0
Manoj Tiwary,Batsman,PBKS,2018,10.0,1.0
Mayank Agarwal,Batsman,PBKS,2018,10.0,1.0
Manzoor Dar,All-Rounder,PBKS,2018,2.0,0.2
Pardeep Sahu,Bowler,PBKS,2018,2.0,0.2
Mayank Dagar,All-Rounder,PBKS,2018,2.0,0.2
Chris Lynn,Batsman,KKR,2018,96.0,9.6
Mitchell Starc,Bowler,KKR,2018,94.0,9.4
Dinesh Karthik,Wicket-Keeper,KKR,2018,74.0,7.4
Robin Uthappa,Wicket-Keeper,KKR,2018,64.0,6.4
Kuldeep Singh Yadav,Bowler,KKR,2018,58.0,5.8
Piyush Chawla,Bowler,KKR,2018,42.0,4.2
Nitish Rana,All-Rounder,KKR,2018,34.0,3.4
Kamlesh Nagarkoti,All-Rounder,KKR,2018,32.0,3.2
Shivam Mavi,All-Rounder,KKR,2018,30.0,3.0
Mitchell Johnson,Bowler,KKR,2018,20.0,2.0
Shubman Gill,Batsman,KKR,2018,18.0,1.8
Ranganath Vinay Kumar,Bowler,KKR,2018,10.0,1.0
Rinku Singh,Batsman,KKR,2018,8.0,0.8
Cameron Delport,All-Rounder,KKR,2018,3.0,0.3
Javon Searless,All-Rounder,KKR,2018,3.0,0.3
Apoorv Vijay Wankhade,Batsman,KKR,2018,2.0,0.2
Ishank Jaggi,Batsman,KKR,2018,2.0,0.2
Krunal Pandya,All-Rounder,MI,2018,88.0,8.8
Ishan Kishan,Wicket-Keeper,MI,2018,62.0,6.2
Kieron Pollard,All-Rounder,MI,2018,54.0,5.4
Pat Cummins,Bowler,MI,2018,54.0,5.4
Evin Lewis,Batsman,MI,2018,38.0,3.8
Suryakumar Yadav,Batsman,MI,2018,32.0,3.2
Ben Cutting,All-Rounder,MI,2018,22.0,2.2
Mustafizur Rahman,Bowler,MI,2018,22.0,2.2
Rahul Chahar,Bowler,MI,2018,19.0,1.9
Pradeep Sangwan,Bowler,MI,2018,15.0,1.5
Jason Behrendorff,Bowler,MI,2018,15.0,1.5
Jean-Paul Duminy,All-Rounder,MI,2018,10.0,1.0
Saurabh Tiwary,Batsman,MI,2018,8.0,0.8
Tajinder Dhillon,All-Rounder,MI,2018,5.5,0.55
Akila Dhananjaya,Bowler,MI,2018,5.0,0.5
Nidheesh M D Dinesan,Bowler,MI,2018,2.0,0.2
Aditya Tare,Wicket-Keeper,MI,2018,2.0,0.2
Siddhesh Dinesh Lad,Batsman,MI,2018,2.0,0.2
Mayank Markande,Bowler,MI,2018,2.0,0.2
Sharad Lumba,Batsman,MI,2018,2.0,0.2
Anukul Roy,All-Rounder,MI,2018,2.0,0.2
Mohsin Khan,Bowler,MI,2018,2.0,0.2
Benjamin Stokes,All-Rounder,RR,2018,125.0,12.5
Jaydev Unadkat,Bowler,RR,2018,115.0,11.5
Sanju Samson,Wicket-Keeper,RR,2018,80.0,8.0
Jofra Archer,All-Rounder,RR,2018,72.0,7.2
Krishnappa Gowtham,Bowler,RR,2018,62.0,6.2
Jos Buttler,Wicket-Keeper,RR,2018,44.0,4.4
Ajinkya Rahane,Batsman,RR,2018,40.0,4.0
Darcy Short,All-Rounder,RR,2018,40.0,4.0
Rahul Tripathi,Batsman,RR,2018,34.0,3.4
Dhawal Kulkarni,Bowler,RR,2018,7.5,0.75
Zahir Khan Pakteen,Bowler,RR,2018,6.0,0.6
Ben Laughlin,Bowler,RR,2018,5.0,0.5
Stuart Binny,All-Rounder,RR,2018,5.0,0.5
Dushmantha Chameera,Bowler,RR,2018,5.0,0.5
Anureet Singh,Bowler,RR,2018,3.0,0.3
Aryaman Vikram Birla,All-Rounder,RR,2018,3.0,0.3
Midhun S,All-Rounder,RR,2018,2.0,0.2
Shreyas Gopal,All-Rounder,RR,2018,2.0,0.2
Prashant Chopra,Wicket-Keeper,RR,2018,2.0,0.2
Jatin Saxena,All-Rounder,RR,2018,2.0,0.2
Ankit Sharma,All-Rounder,RR,2018,2.0,0.2
Mahipal Lomror,All-Rounder,RR,2018,2.0,0.2
Chris Woakes,All-Rounder,RCB,2018,74.0,7.4
Yuzvendra Singh Chahal,Bowler,RCB,2018,60.0,6.0
Umesh Yadav,Bowler,RCB,2018,42.0,4.2
Brendon McCullum,Batsman,RCB,2018,36.0,3.6
M.S. Washington Sundar,All-Rounder,RCB,2018,32.0,3.2
Navdeep Saini,Bowler,RCB,2018,30.0,3.0
Quinton De Kock,Wicket-Keeper,RCB,2018,28.0,2.8
Mohammed Siraj,Bowler,RCB,2018,26.0,2.6
Nathan Coulter-Nile,Bowler,RCB,2018,22.0,2.2
Colin De Grandhomme,All-Rounder,RCB,2018,22.0,2.2
M. Ashwin,Bowler,RCB,2018,22.0,2.2
Parthiv Patel,Wicket-Keeper,RCB,2018,17.0,1.7
Moeen Ali,All-Rounder,RCB,2018,17.0,1.7
Mandeep Singh,All-Rounder,RCB,2018,14.0,1.4
Manan Vohra,Batsman,RCB,2018,11.0,1.1
Pawan Negi,All-Rounder,RCB,2018,10.0,1.0
Tim Southee,Bowler,RCB,2018,10.0,1.0
Kulwant Khejroliya,Bowler,RCB,2018,8.5,0.85
Aniket Choudhary,Bowler,RCB,2018,3.0,0.3
Pavan Deshpande,All-Rounder,RCB,2018,2.0,0.2
Anirudha Ashok Joshi,All-Rounder,RCB,2018,2.0,0.2
Manish Pandey,Batsman,SRH,2018,110.0,11.0
Rashid Khan Arman,Bowler,SRH,2018,90.0,9.0
Shikhar Dhawan,Batsman,SRH,2018,52.0,5.2
Wriddhiman Saha,Wicket-Keeper,SRH,2018,50.0,5.0
Siddarth Kaul,Bowler,SRH,2018,38.0,3.8
Deepak Hooda,All-Rounder,SRH,2018,36.0,3.6
Syed Khaleel Ahmed,Bowler,SRH,2018,30.0,3.0
Sandeep Sharma,Bowler,SRH,2018,30.0,3.0
Kane Williamson,Batsman,SRH,2018,30.0,3.0
Carlos Brathwaite,All-Rounder,SRH,2018,20.0,2.0
Shakib Al Hasan,All-Rounder,SRH,2018,20.0,2.0
Yusuf Pathan,All-Rounder,SRH,2018,19.0,1.9
Shreevats Goswami,Wicket-Keeper,SRH,2018,10.0,1.0
Mohammad Nabi,All-Rounder,SRH,2018,10.0,1.0
Chris Jordan,All-Rounder,SRH,2018,10.0,1.0
Basil Thampi,Bowler,SRH,2018,9.5,0.95
Billy Stanlake,Batsman,SRH,2018,5.0,0.5
T Natarajan,Bowler,SRH,2018,4.0,0.4
Sachin Baby,Batsman,SRH,2018,2.0,0.2
Bipul Sharma,All-Rounder,SRH,2018,2.0,0.2
Syed Mehdi Hasan,All-Rounder,SRH,2018,2.0,0.2
Ricky Bhui,Batsman,SRH,2018,2.0,0.2
Tanmay Agarwal,Batsman,SRH,2018,2.0,0.2
Mohit Sharma,Bowler,CSK,2019,50.0,5.0
Ruturaj Gaikwad,Batsman,CSK,2019,2.0,0.2
Colin Ingram,Batsman,DC,2019,64.0,6.4
Axar Rajesh Patel,All-Rounder,DC,2019,50.0,5.0
Hanuma Vihari,Batsman,DC,2019,20.0,2.0
Sherfane Rutherford,All-Rounder,DC,2019,20.0,2.0
Ishant Sharma,Bowler,DC,2019,11.0,1.1
Keemo Paul,All-Rounder,DC,2019,5.0,0.5
Jalaj Saxena,All-Rounder,DC,2019,2.0,0.2
Ankush Bains,Wicket-Keeper,DC,2019,2.0,0.2
Nathu Singh,Bowler,DC,2019,2.0,0.2
Bandaru Ayyappa,Bowler,DC,2019,2.0,0.2
Varun Chakaravarthy,All-Rounder,PBKS,2019,84.0,8.4
Sam Curran,All-Rounder,PBKS,2019,72.0,7.2
Mohammad Shami,Bowler,PBKS,2019,48.0,4.8
Prabhsimran Singh,Wicket-Keeper,PBKS,2019,48.0,4.8
Nicolas Pooran,Wicket-Keeper,PBKS,2019,42.0,4.2
Moises Henriques,All-Rounder,PBKS,2019,10.0,1.0
Hardus Viljoen,Bowler,PBKS,2019,7.5,0.75
Darshan Nalkande,All-Rounder,PBKS,2019,3.0,0.3
Sarfaraz Naushad Khan,All-Rounder,PBKS,2019,2.5,0.25
Arshdeep Singh,Bowler,PBKS,2019,2.0,0.2
Agnivesh Ayachi,All-Rounder,PBKS,2019,2.0,0.2
Harpreet Brar,All-Rounder,PBKS,2019,2.0,0.2
M. Ashwin,Bowler,PBKS,2019,2.0,0.2
Carlos Brathwaite,All-Rounder,KKR,2019,50.0,5.0
Lockie Ferguson,Bowler,KKR,2019,16.0,1.6
Joe Denly,Batsman,KKR,2019,10.0,1.0
Harry Gurney,Bowler,KKR,2019,7.5,0.75
Nikhil Shankar Naik,Wicket-Keeper,KKR,2019,2.0,0.2
Shrikant Mundhe,All-Rounder,KKR,2019,2.0,0.2
Prithvi Raj Yarra,Bowler,KKR,2019,2.0,0.2
Anrich Nortje,Bowler,KKR,2019,2.0,0.2
Barinder Singh Sran,Bowler,MI,2019,34.0,3.4
Lasith Malinga,Bowler,MI,2019,20.0,2.0
Yuvraj Singh,All-Rounder,MI,2019,10.0,1.0
Anmolpreet Singh,Batsman,MI,2019,8.0,0.8
Pankaj Jaswal,All-Rounder,MI,2019,2.0,0.2
Rasikh Dar,Bowler,MI,2019,2.0,0.2
Jaydev Unadkat,Bowler,RR,2019,84.0,8.4
Varun Aaron,Bowler,RR,2019,24.0,2.4
Oshane Thomas,Bowler,RR,2019,11.0,1.1
Ashton Turner,All-Rounder,RR,2019,5.0,0.5
Liam Livingstone,All-Rounder,RR,2019,5.0,0.5
Shashank Singh,All-Rounder,RR,2019,3.0,0.3
Riyan Parag,All-Rounder,RR,2019,2.0,0.2
Manan Vohra,Batsman,RR,2019,2.0,0.2
Shubham Ranjane,All-Rounder,RR,2019,2.0,0.2
Shivam Dube,All-Rounder,RCB,2019,50.0,5.0
Shimron Hetmyer,Batsman,RCB,2019,42.0,4.2
Akshdeep Nath,All-Rounder,RCB,2019,36.0,3.6
Prayas Ray Barman,All-Rounder,RCB,2019,15.0,1.5
Himmat Singh,Batsman,RCB,2019,6.5,0.65
Gurkeerat Singh Mann,All-Rounder,RCB,2019,5.0,0.5
Heinrich Klaasen,Wicket-Keeper,RCB,2019,5.0,0.5
Devdutt Padikkal,Batsman,RCB,2019,2.0,0.2
Milind Kumar,All-Rounder,RCB,2019,2.0,0.2
Jonny Bairstow,Wicket-Keeper,SRH,2019,22.0,2.2
Wriddhiman Saha,Wicket-Keeper,SRH,2019,12.0,1.2
Martin Guptill,Batsman,SRH,2019,10.0,1.0
Piyush Chawla,Bowler,CSK,2020,67.5,6.75
Sam Curran,All-Rounder,CSK,2020,55.0,5.5
Josh Hazlewood,Bowler,CSK,2020,20.0,2.0
R. Sai Kishore,Bowler,CSK,2020,2.0,0.2
Shimron Hetmyer,Batsman,DC,2020,77.5,7.75
Marcus Stoinis,All-Rounder,DC,2020,48.0,4.8
Alex Carey,Wicket-Keeper,DC,2020,24.0,2.4
Jason Roy,Batsman,DC,2020,15.0,1.5
Chris Woakes,All-Rounder,DC,2020,15.0,1.5
Mohit Sharma,Bowler,DC,2020,5.0,0.5
Tushar Deshpande,Bowler,DC,2020,2.0,0.2
Lalit Yadav,All-Rounder,DC,2020,2.0,0.2
Glenn Maxwell,All-Rounder,PBKS,2020,107.5,10.75
Sheldon Cottrell,Bowler,PBKS,2020,85.0,8.5
Chris Jordan,All-Rounder,PBKS,2020,30.0,3.0
Ravi Bishnoi,Bowler,PBKS,2020,20.0,2.0
Prabhsimran Singh,Wicket-Keeper,PBKS,2020,5.5,0.55
Deepak Hooda,All-Rounder,PBKS,2020,5.0,0.5
James Neesham,All-Rounder,PBKS,2020,5.0,0.5
Tajinder Dhillon,All-Rounder,PBKS,2020,2.0,0.2
Ishan Porel,Bowler,PBKS,2020,2.0,0.2
Pat Cummins,All-Rounder,KKR,2020,155.0,15.5
Eoin Morgan,Batsman,KKR,2020,52.5,5.25
Varun Chakaravarthy,All-Rounder,KKR,2020,40.0,4.0
Tom Banton,Batsman,KKR,2020,10.0,1.0
Rahul Tripathi,Batsman,KKR,2020,6.0,0.6
Chris Green,All-Rounder,KKR,2020,2.0,0.2
Nikhil Shankar Naik,Wicket-Keeper,KKR,2020,2.0,0.2
Pravin Tambe,Bowler,KKR,2020,2.0,0.2
M Siddharth,Bowler,KKR,2020,2.0,0.2
Nathan Coulter-Nile,Bowler,MI,2020,80.0,8.0
Chris Lynn,Batsman,MI,2020,20.0,2.0
Saurabh Tiwary,Batsman,MI,2020,5.0,0.5
Digvijay Deshmukh,All-Rounder,MI,2020,2.0,0.2
Prince Balwant Rai Singh,All-Rounder,MI,2020,2.0,0.2
Mohsin Khan,Bowler,MI,2020,2.0,0.2
Robin Uthappa,Batsman,RR,2020,30.0,3.0
Jaydev Unadkat,Bowler,RR,2020,30.0,3.0
Yashasvi Jaiswal,All-Rounder,RR,2020,24.0,2.4
Kartik Tyagi,Bowler,RR,2020,13.0,1.3
Tom Curran,All-Rounder,RR,2020,10.0,1.0
Andrew Tye,Bowler,RR,2020,10.0,1.0
Anuj Rawat,Wicket-Keeper,RR,2020,8.0,0.8
David Miller,Batsman,RR,2020,7.5,0.75
Oshane Thomas,Bowler,RR,2020,5.0,0.5
Anirudha Ashok Joshi,All-Rounder,RR,2020,2.0,0.2
Akash Singh,Bowler,RR,2020,2.0,0.2
Christopher Morris,All-Rounder,RCB,2020,100.0,10.0
Aaron Finch,Batsman,RCB,2020,44.0,4.4
Kane Richardson,Bowler,RCB,2020,40.0,4.0
Dale Steyn,Bowler,RCB,2020,20.0,2.0
Isuru Udana,All-Rounder,RCB,2020,5.0,0.5
Shahbaz Ahamad,Wicket-Keeper,RCB,2020,2.0,0.2
Joshua Philippe,Wicket-Keeper,RCB,2020,2.0,0.2
Pavan Deshpande,All-Rounder,RCB,2020,2.0,0.2
Mitchell Marsh,All-Rounder,SRH,2020,20.0,2.0
Priyam Garg,Batsman,SRH,2020,19.0,1.9
Virat Singh,Batsman,SRH,2020,19.0,1.9
Fabian Allen,All-Rounder,SRH,2020,5.0,0.5
Sandeep Bavanaka,All-Rounder,SRH,2020,2.0,0.2
Sanjay Yadav,All-Rounder,SRH,2020,2.0,0.2
Abdul Samad,All-Rounder,SRH,2020,2.0,0.2
Krishnappa Gowtham,All-Rounder,CSK,2021,92.5,9.25
Moeen Ali,All-Rounder,CSK,2021,70.0,7.0
Cheteshwar Pujara,Batsman,CSK,2021,5.0,0.5
K.Bhagath Varma,All-Rounder,CSK,2021,2.0,0.2
C Hari Nishaanth,Batsman,CSK,2021,2.0,0.2
M. Harisankar Reddy,Bowler,CSK,2021,2.0,0.2
Tom Curran,All-Rounder,DC,2021,52.5,5.25
Steven Smith,Batsman,DC,2021,22.0,2.2
Sam Billings,Wicket-Keeper,DC,2021,20.0,2.0
Umesh Yadav,Bowler,DC,2021,10.0,1.0
Ripal Patel,All-Rounder,DC,2021,2.0,0.2
Vishnu Vinod,Wicket-Keeper,DC,2021,2.0,0.2
Lukman Hussain Meriwala,Bowler,DC,2021,2.0,0.2
M Siddharth,Bowler,DC,2021,2.0,0.2
Shakib Al Hasan,All-Rounder,KKR,2021,32.0,3.2
Harbhajan Singh,Bowler,KKR,2021,20.0,2.0
Ben Cutting,All-Rounder,KKR,2021,7.5,0.75
Karun Nair,Batsman,KKR,2021,5.0,0.5
Pawan Negi,All-Rounder,KKR,2021,5.0,0.5
Venkatesh Iyer,All-Rounder,KKR,2021,2.0,0.2
Sheldon Jackson,Wicket-Keeper,KKR,2021,2.0,0.2
Vaibhav Arora,Bowler,KKR,2021,2.0,0.2
Nathan Coulter-Nile,Bowler,MI,2021,50.0,5.0
Adam Milne,Bowler,MI,2021,32.0,3.2
Piyush Chawla,Bowler,MI,2021,24.0,2.4
James Neesham,All-Rounder,MI,2021,5.0,0.5
Yudhvir Charak,All-Rounder,MI,2021,2.0,0.2
Marco Jansen,All-Rounder,MI,2021,2.0,0.2
Arjun Tendulkar,All-Rounder,MI,2021,2.0,0.2
Jhye Richardson,Bowler,PBKS,2021,140.0,14.0
Riley Meredith,Bowler,PBKS,2021,80.0,8.0
Shahrukh Khan,All-Rounder,PBKS,2021,52.5,5.25
Moises Henriques,All-Rounder,PBKS,2021,42.0,4.2
Dawid Malan,All-Rounder,PBKS,2021,15.0,1.5
Fabian Allen,All-Rounder,PBKS,2021,7.5,0.75
Jalaj Saxena,All-Rounder,PBKS,2021,3.0,0.3
Saurabh Kumar,All-Rounder,PBKS,2021,2.0,0.2
Utkarsh Singh,All-Rounder,PBKS,2021,2.0,0.2
Christopher Morris,All-Rounder,RR,2021,162.5,16.25
Shivam Dube,All-Rounder,RR,2021,44.0,4.4
Chetan Sakariya,Bowler,RR,2021,12.0,1.2
Mustafizur Rahman,Bowler,RR,2021,10.0,1.0
Liam Livingstone,All-Rounder,RR,2021,7.5,0.75
K.C Cariappa,Bowler,RR,2021,2.0,0.2
Akash Singh,Bowler,RR,2021,2.0,0.2
Kuldip Yadav,Bowler,RR,2021,2.0,0.2
Kyle Jamieson,All-Rounder,RCB,2021,150.0,15.0
Glenn Maxwell,All-Rounder,RCB,2021,142.5,14.25
Dan Christian,All-Rounder,RCB,2021,48.0,4.8
Sachin Baby,Batsman,RCB,2021,2.0,0.2
Rajat Patidar,Batsman,RCB,2021,2.0,0.2
Mohammed Azharudeen,Wicket-Keeper,RCB,2021,2.0,0.2
Suyash Prabhudesai,All-Rounder,RCB,2021,2.0,0.2
Kona Srikar Bharat,Wicket-Keeper,RCB,2021,2.0,0.2
Kedar Jadhav,All-Rounder,SRH,2021,20.0,2.0
Mujeeb Zadran,Bowler,SRH,2021,15.0,1.5
J Suchith,Bowler,SRH,2021,3.0,0.3
Robin Uthappa,Batsman,CSK,2022,20.0,2.0
Dwayne Bravo,All-Rounder,CSK,2022,44.0,4.4
Ambati Rayudu,Wicket-Keeper,CSK,2022,67.5,6.75
Deepak Chahar,Bowler,CSK,2022,140.0,14.0
C.Hari Nishaanth,Batsman,CSK,2022,2.0,0.2
N. Jagadeesan,Wicket-Keeper,CSK,2022,2.0,0.2
K.M. Asif,Bowler,CSK,2022,2.0,0.2
Tushar Deshpande,Bowler,CSK,2022,2.0,0.2
Shivam Dube,All-Rounder,CSK,2022,40.0,4.0
Chris Jordan,All-Rounder,CSK,2022,36.0,3.6
Maheesh Theekshana,Bowler,CSK,2022,7.0,0.7
Rajvardhan Hangargekar,All-Rounder,CSK,2022,15.0,1.5
Simarjeet Singh,Bowler,CSK,2022,2.0,0.2
Devon Conway,Batsman,CSK,2022,10.0,1.0
Dwaine Pretorius,All-Rounder,CSK,2022,5.0,0.5
Mitchell Santner,All-Rounder,CSK,2022,19.0,1.9
Adam Milne,Bowler,CSK,2022,19.0,1.9
Subhranshu Senapati,Batsman,CSK,2022,2.0,0.2
Mukesh Choudhary,Bowler,CSK,2022,2.0,0.2
Prashant Solanki,Bowler,CSK,2022,12.0,1.2
K.Bhagath Varma,All-Rounder,CSK,2022,2.0,0.2
David Warner,Batsman,DC,2022,62.5,6.25
Mitchell Marsh,All-Rounder,DC,2022,65.0,6.5
Mustafizur Rahman,Bowler,DC,2022,20.0,2.0
Shardul Thakur,Bowler,DC,2022,107.5,10.75
Kuldeep Yadav,Bowler,DC,2022,20.0,2.0
Ashwin Hebbar,Batsman,DC,2022,2.0,0.2
Sarfaraz Khan,All-Rounder,DC,2022,2.0,0.2
Kamlesh Nagarkoti,All-Rounder,DC,2022,11.0,1.1
K.S. Bharat,Wicket-Keeper,DC,2022,20.0,2.0
Mandeep Singh,Batsman,DC,2022,11.0,1.1
Syed Khaleel Ahmed,Bowler,DC,2022,52.5,5.25
Lungisani Ngidi,Bowler,DC,2022,5.0,0.5
Chetan Sakariya,Bowler,DC,2022,42.0,4.2
Yash Dhull,All-Rounder,DC,2022,5.0,0.5
Vicky Ostwal,All-Rounder,DC,2022,2.0,0.2
Ripal Patel,All-Rounder,DC,2022,2.0,0.2
Lalit Yadav,All-Rounder,DC,2022,6.5,0.65
Rovman Powell,Batsman,DC,2022,28.0,2.8
Tim Seifert,Wicket-Keeper,DC,2022,5.0,0.5
Pravin Dubey,All-Rounder,DC,2022,5.0,0.5
Mohammad Shami,Bowler,GT,2022,62.5,6.25
David Miller,Batsman,GT,2022,30.0,3.0
Jason Roy,Batsman,GT,2022,20.0,2.0
Wriddhiman  Saha,Wicket-Keeper,GT,2022,19.0,1.9
Matthew Wade,Wicket-Keeper,GT,2022,24.0,2.4
Lockie Ferguson,Bowler,GT,2022,100.0,10.0
Abhinav Sadarangani,Batsman,GT,2022,26.0,2.6
Rahul Tewatia,All-Rounder,GT,2022,90.0,9.0
Noor  Ahmad,Bowler,GT,2022,3.0,0.3
R. Sai Kishore,Bowler,GT,2022,30.0,3.0
Dominic Drakes,All-Rounder,GT,2022,11.0,1.1
Vijay Shankar,All-Rounder,GT,2022,14.0,1.4
Jayant Yadav,All-Rounder,GT,2022,17.0,1.7
Darshan Nalkande,All-Rounder,GT,2022,2.0,0.2
Yash  Dayal,Bowler,GT,2022,32.0,3.2
B. Sai Sudharsan,All-Rounder,GT,2022,2.0,0.2
Gurkeerat Singh,All-Rounder,GT,2022,5.0,0.5
Alzarri Joseph,Bowler,GT,2022,24.0,2.4
Varun Aaron,Bowler,GT,2022,5.0,0.5
Pradeep Sangwan,All-Rounder,GT,2022,2.0,0.2
Pat Cummins,All-Rounder,KKR,2022,72.5,7.25
Shreyas Iyer,Batsman,KKR,2022,122.5,12.25
Mohammad  Nabi,All-Rounder,KKR,2022,10.0,1.0
Nitish Rana,All-Rounder,KKR,2022,80.0,8.0
Sam Billings,Wicket-Keeper,KKR,2022,20.0,2.0
Umesh Yadav,Bowler,KKR,2022,20.0,2.0
Shivam  Mavi,All-Rounder,KKR,2022,72.5,7.25
Sheldon Jackson,Wicket-Keeper,KKR,2022,6.0,0.6
Ajinkya Rahane,Batsman,KKR,2022,10.0,1.0
Rinku Singh,Batsman,KKR,2022,5.5,0.55
Anukul Roy,All-Rounder,KKR,2022,2.0,0.2
Alex Hales,Batsman,KKR,2022,15.0,1.5
Rasikh Dar,Bowler,KKR,2022,2.0,0.2
Tim Southee,Bowler,KKR,2022,15.0,1.5
Baba Indrajith,Wicket-Keeper,KKR,2022,2.0,0.2
Chamika Karunaratne,All-Rounder,KKR,2022,5.0,0.5
Abhijeet Tomar,Batsman,KKR,2022,4.0,0.4
Aman Khan,All-Rounder,KKR,2022,2.0,0.2
Ramesh Kumar,Batsman,KKR,2022,2.0,0.2
Pratham Singh,Batsman,KKR,2022,2.0,0.2
Ashok Sharma,Bowler,KKR,2022,5.5,0.55
Quinton De Kock,Wicket-Keeper,LSG,2022,67.5,6.75
Manish Pandey,Batsman,LSG,2022,46.0,4.6
Krunal Pandya,All-Rounder,LSG,2022,82.5,8.25
Mark Wood,Bowler,LSG,2022,75.0,7.5
Avesh Khan,Bowler,LSG,2022,100.0,10.0
Ankit Singh Rajpoot,Bowler,LSG,2022,5.0,0.5
K. Gowtham,All-Rounder,LSG,2022,9.0,0.9
Dushmanta Chameera,Bowler,LSG,2022,20.0,2.0
Shahbaz Nadeem,Bowler,LSG,2022,5.0,0.5
Manan Vohra,Batsman,LSG,2022,2.0,0.2
Evin Lewis,Batsman,LSG,2022,20.0,2.0
Mohsin Khan,Bowler,LSG,2022,2.0,0.2
Mayank Yadav,Bowler,LSG,2022,2.0,0.2
Ayush Badoni,All-Rounder,LSG,2022,2.0,0.2
Kyle Mayers,All-Rounder,LSG,2022,5.0,0.5
Karan Sharma,All-Rounder,LSG,2022,2.0,0.2
Jason Holder,All-Rounder,LSG,2022,87.5,8.75
Deepak Hooda,All-Rounder,LSG,2022,57.5,5.75
Ishan Kishan,Wicket-Keeper,MI,2022,152.5,15.25
Dewald Brevis,Batsman,MI,2022,30.0,3.0
Anmolpreet Singh,Batsman,MI,2022,2.0,0.2
Basil Thampi,Bowler,MI,2022,3.0,0.3
Murugan Ashwin,Bowler,MI,2022,16.0,1.6
Jaydev Unadkat,Bowler,MI,2022,13.0,1.3
Mayank Markande,Bowler,MI,2022,6.5,0.65
N. Tilak Varma,All-Rounder,MI,2022,17.0,1.7
Sanjay Yadav,All-Rounder,MI,2022,5.0,0.5
Jofra Archer,All-Rounder,MI,2022,80.0,8.0
Daniel Sams,All-Rounder,MI,2022,26.0,2.6
Tymal Mills,Bowler,MI,2022,15.0,1.5
Tim David,All-Rounder,MI,2022,82.5,8.25
Ramandeep  Singh,All-Rounder,MI,2022,2.0,0.2
Aryan Juyal,Wicket-Keeper,MI,2022,2.0,0.2
Fabian Allen,All-Rounder,MI,2022,7.5,0.75
Riley Meredith,Bowler,MI,2022,10.0,1.0
Rahul Buddhi,Batsman,MI,2022,2.0,0.2
Hrithik Shokeen,All-Rounder,MI,2022,2.0,0.2
Mohd. Arshad Khan,All-Rounder,MI,2022,2.0,0.2
Arjun  Tendulkar,All-Rounder,MI,2022,3.0,0.3
Shikhar Dhawan,Batsman,PBKS,2022,82.5,8.25
Kagiso Rabada,Bowler,PBKS,2022,92.5,9.25
Jonny Bairstow,Wicket-Keeper,PBKS,2022,67.5,6.75
Rahul Chahar,Bowler,PBKS,2022,52.5,5.25
Harpreet  Brar,All-Rounder,PBKS,2022,38.0,3.8
Shahrukh Khan,All-Rounder,PBKS,2022,90.0,9.0
Jitesh Sharma,Wicket-Keeper,PBKS,2022,2.0,0.2
Prabhsimran Singh,Wicket-Keeper,PBKS,2022,6.0,0.6
Ishan Porel,Bowler,PBKS,2022,2.5,0.25
Liam Livingstone,All-Rounder,PBKS,2022,115.0,11.5
Odean Smith,All-Rounder,PBKS,2022,60.0,6.0
Sandeep Sharma,Bowler,PBKS,2022,5.0,0.5
Raj Angad Bawa,All-Rounder,PBKS,2022,20.0,2.0
Rishi Dhawan,All-Rounder,PBKS,2022,5.5,0.55
Nathan Ellis,Bowler,PBKS,2022,7.5,0.75
Prerak Mankad,All-Rounder,PBKS,2022,2.0,0.2
Atharva Taide,All-Rounder,PBKS,2022,2.0,0.2
Vaibhav Arora,Bowler,PBKS,2022,20.0,2.0
Bhanuka Rajapaksa,Batsman,PBKS,2022,5.0,0.5
Benny Howell,All-Rounder,PBKS,2022,4.0,0.4
Writtick Chatterjee,All-Rounder,PBKS,2022,2.0,0.2
Baltej Dhanda,Bowler,PBKS,2022,2.0,0.2
Ansh Patel,All-Rounder,PBKS,2022,2.0,0.2
R. Ashwin,All-Rounder,RR,2022,50.0,5.0
Trent Boult,Bowler,RR,2022,80.0,8.0
Shimron Hetmyer,Batsman,RR,2022,85.0,8.5
Devdutt Padikkal,Batsman,RR,2022,77.5,7.75
Prasidh Krishna,Bowler,RR,2022,100.0,10.0
Yuzvendra Chahal,Bowler,RR,2022,65.0,6.5
Riyan Parag,All-Rounder,RR,2022,38.0,3.8
K.C Cariappa,Bowler,RR,2022,3.0,0.3
James Neesham,All-Rounder,RR,2022,15.0,1.5
Nathan Coulter-Nile,Bowler,RR,2022,20.0,2.0
Navdeep Saini,Bowler,RR,2022,26.0,2.6
Kuldeep  Sen,Bowler,RR,2022,2.0,0.2
Karun Nair,Batsman,RR,2022,14.0,1.4
Rassie Van Der Dussen,Batsman,RR,2022,10.0,1.0
Daryl Mitchell,All-Rounder,RR,2022,7.5,0.75
Obed Mccoy,Bowler,RR,2022,7.5,0.75
Dhruv Jurel,Wicket-Keeper,RR,2022,2.0,0.2
Tejas Baroka,Bowler,RR,2022,2.0,0.2
Kuldip Yadav,Bowler,RR,2022,2.0,0.2
Shubham Garhwal,All-Rounder,RR,2022,2.0,0.2
Anunay Singh,All-Rounder,RR,2022,2.0,0.2
Faf Du Plessis,Batsman,RCB,2022,70.0,7.0
Wanindu Hasaranga,All-Rounder,RCB,2022,107.5,10.75
Harshal Patel,All-Rounder,RCB,2022,107.5,10.75
Dinesh  Karthik,Wicket-Keeper,RCB,2022,55.0,5.5
Josh Hazlewood,Bowler,RCB,2022,77.5,7.75
Shahbaz Ahamad,All-Rounder,RCB,2022,24.0,2.4
Anuj Rawat,Wicket-Keeper,RCB,2022,34.0,3.4
Akash  Deep,Bowler,RCB,2022,2.0,0.2
Karn Sharma,Bowler,RCB,2022,5.0,0.5
Mahipal Lomror,All-Rounder,RCB,2022,9.5,0.95
Finn Allen,Batsman,RCB,2022,8.0,0.8
Sherfane Rutherford,All-Rounder,RCB,2022,10.0,1.0
Jason Behrendorff,Bowler,RCB,2022,7.5,0.75
Siddharth  Kaul,Bowler,RCB,2022,7.5,0.75
Suyash Prabhudessai,All-Rounder,RCB,2022,3.0,0.3
Luvnith Sisodia,Wicket-Keeper,RCB,2022,2.0,0.2
Chama Milind,Bowler,RCB,2022,2.5,0.25
Aneeshwar Gautam,All-Rounder,RCB,2022,2.0,0.2
David Willey,All-Rounder,RCB,2022,20.0,2.0
Washington Sundar,All-Rounder,SRH,2022,87.5,8.75
Nicholas Pooran,Wicket-Keeper,SRH,2022,107.5,10.75
Bhuvneshwar Kumar,Bowler,SRH,2022,42.0,4.2
T. Natarajan,Bowler,SRH,2022,40.0,4.0
Priyam  Garg,Batsman,SRH,2022,2.0,0.2
Rahul Tripathi,Batsman,SRH,2022,85.0,8.5
Abhishek Sharma,All-Rounder,SRH,2022,65.0,6.5
Vishnu Vinod,Wicket-Keeper,SRH,2022,5.0,0.5
Kartik Tyagi,Bowler,SRH,2022,40.0,4.0
Shreyas Gopal,Bowler,SRH,2022,7.5,0.75
Jagadeesha Suchith,Bowler,SRH,2022,2.0,0.2
Aiden Markram,Batsman,SRH,2022,26.0,2.6
Marco Jansen,All-Rounder,SRH,2022,42.0,4.2
Romario Shepherd,All-Rounder,SRH,2022,77.5,7.75
Glenn Phillips,Wicket-Keeper,SRH,2022,15.0,1.5
Fazalhaq Farooqi,Bowler,SRH,2022,5.0,0.5
Sean Abbott,Bowler,SRH,2022,24.0,2.4
R Samarth,Batsman,SRH,2022,2.0,0.2
Shashank Singh,All-Rounder,SRH,2022,2.0,0.2
Saurabh Dubey,Bowler,SRH,2022,2.0,0.2
Ajinkya Rahane,Batsman,CSK,2023,5.0,0.5
Bhagath Varma,All-Rounder,CSK,2023,2.0,0.2
Kyle Jamieson,Bowler,CSK,2023,10.0,1.0
Ajay Mandal,All-Rounder,CSK,2023,2.0,0.2
Nishant Sindhu,All-Rounder,CSK,2023,6.0,0.6
Shaik Rasheed,Batsman,CSK,2023,2.0,0.2
Ben Stokes,All-Rounder,CSK,2023,162.5,16.25
Phil Salt,Wicket-Keeper,DC,2023,20.0,2.0
Ishant Sharma,Bowler,DC,2023,5.0,0.5
Rilee Rossouw,Batsman,DC,2023,46.0,4.6
Manish Pandey,Batsman,DC,2023,24.0,2.4
Mukesh Kumar,Bowler,DC,2023,55.0,5.5
Shivam Mavi,Bowler,GT,2023,60.0,6.0
K.S. Bharat,Wicket-Keeper,GT,2023,12.0,1.2
Urvil Patel,Wicket-Keeper,GT,2023,2.0,0.2
Mohit Sharma,Bowler,GT,2023,5.0,0.5
Joshua Little,Bowler,GT,2023,44.0,4.4
Kane Williamson,Batsman,GT,2023,20.0,2.0
Odean Smith,All-Rounder,GT,2023,5.0,0.5
Kulwant Khejroliya,Bowler,KKR,2023,2.0,0.2
Shakib Al Hasan,All-Rounder,KKR,2023,15.0,1.5
Vaibhav Arora,Bowler,KKR,2023,6.0,0.6
N. Jagadeesan,Wicket-Keeper,KKR,2023,9.0,0.9
David Wiese,All-Rounder,KKR,2023,10.0,1.0
Mandeep Singh,Batsman,KKR,2023,5.0,0.5
Litton Das,Wicket-Keeper,KKR,2023,5.0,0.5
Suyash Sharma,Bowler,KKR,2023,2.0,0.2
Amit Mishra,Bowler,LSG,2023,5.0,0.5
Nicholas Pooran,Wicket-Keeper,LSG,2023,160.0,16.0
Romario Shepherd,All-Rounder,LSG,2023,5.0,0.5
Daniel Sams,All-Rounder,LSG,2023,7.5,0.75
Swapnil Singh,All-Rounder,LSG,2023,2.0,0.2
Yudhvir Charak,All-Rounder,LSG,2023,2.0,0.2
Prerak Mankad,All-Rounder,LSG,2023,2.0,0.2
Yash Thakur,Bowler,LSG,2023,4.5,0.45
Naveen Ul Haq,Bowler,LSG,2023,5.0,0.5
Jaydev Unadkat,Bowler,LSG,2023,5.0,0.5
Jhye Richardson,Bowler,MI,2023,15.0,1.5
Nehal Wadhera,All-Rounder,MI,2023,2.0,0.2
Raghav Goyal,Bowler,MI,2023,2.0,0.2
Cameron Green,All-Rounder,MI,2023,175.0,17.5
Vishnu Vinod,Wicket-Keeper,MI,2023,2.0,0.2
Duan Jansen,All-Rounder,MI,2023,2.0,0.2
Piyush Chawla,Bowler,MI,2023,5.0,0.5
Shams Mulani,All-Rounder,MI,2023,2.0,0.2
Harpreet Bhatia,Batsman,PBKS,2023,4.0,0.4
Shivam Singh,All-Rounder,PBKS,2023,2.0,0.2
Vidwath Kaverappa,Bowler,PBKS,2023,2.0,0.2
Mohit Rathee,All-Rounder,PBKS,2023,2.0,0.2
Sam Curran,All-Rounder,PBKS,2023,185.0,18.5
Sikandar Raza,All-Rounder,PBKS,2023,5.0,0.5
Jason Holder,All-Rounder,RR,2023,57.5,5.75
Adam Zampa,Bowler,RR,2023,15.0,1.5
Abdul P A,All-Rounder,RR,2023,2.0,0.2
Akash Vashisht,All-Rounder,RR,2023,2.0,0.2
Donovan Ferreira,Wicket-Keeper,RR,2023,5.0,0.5
Kunal Rathore,Wicket-Keeper,RR,2023,2.0,0.2
Joe Root,Batsman,RR,2023,10.0,1.0
Murugan Ashwin,Bowler,RR,2023,2.0,0.2
K.M. Asif,Bowler,RR,2023,3.0,0.3
Sonu Yadav,All-Rounder,RCB,2023,2.0,0.2
Himanshu Sharma,Bowler,RCB,2023,2.0,0.2
Avinash Singh,Bowler,RCB,2023,6.0,0.6
Manoj Bhandage,All-Rounder,RCB,2023,2.0,0.2
Will Jacks,Batsman,RCB,2023,32.0,3.2
Reece Topley,Bowler,RCB,2023,19.0,1.9
Rajan Kumar,Bowler,RCB,2023,7.0,0.7
Sanvir Singh,All-Rounder,SRH,2023,2.0,0.2
Harry Brook,Batsman,SRH,2023,132.5,13.25
Heinrich Klaasen,Wicket-Keeper,SRH,2023,52.5,5.25
Akeal Hosein,Bowler,SRH,2023,10.0,1.0
Mayank Markande,Bowler,SRH,2023,5.0,0.5
Adil Rashid,Bowler,SRH,2023,20.0,2.0
Anmolpreet Singh,Batsman,SRH,2023,2.0,0.2
Vivrant Sharma,All-Rounder,SRH,2023,26.0,2.6
Samarth Vyas,All-Rounder,SRH,2023,2.0,0.2
Upendra Singh Yadav,Wicket-Keeper,SRH,2023,2.5,0.25
Nitish Kumar Reddy,Wicket-Keeper,SRH,2023,2.0,0.2
Mayank Agarwal,Batsman,SRH,2023,82.5,8.25
Mayank Dagar,All-Rounder,SRH,2023,18.0,1.8
Avanish Rao Aravelly,Wicket-Keeper,CSK,2024,2.0,0.2
Mustafizur Rahman,Bowler,CSK,2024,20.0,2.0
Daryl Mitchell,All-Rounder,CSK,2024,140.0,14.0
Sameer Rizvi,Batsman,CSK,2024,84.0,8.4
Rachin Ravindra,All-Rounder,CSK,2024,18.0,1.8
Shardul Thakur,All-Rounder,CSK,2024,40.0,4.0
Ricky Bhui,Wicket-Keeper,DC,2024,2.0,0.2
Sumit Kumar,All-Rounder,DC,2024,10.0,1.0
Swastik Chhikara,Batsman,DC,2024,2.0,0.2
Jhye Richardson,Bowler,DC,2024,50.0,5.0
Shai Hope,Wicket-Keeper,DC,2024,7.5,0.75
Rasikh Dar,Bowler,DC,2024,2.0,0.2
Kumar Kushagra,Wicket-Keeper,DC,2024,72.0,7.2
Tristan Stubbs,Wicket-Keeper,DC,2024,5.0,0.5
Harry Brook,Batsman,DC,2024,40.0,4.0
Kartik Tyagi,Bowler,GT,2024,6.0,0.6
Spencer Johnson,Bowler,GT,2024,100.0,10.0
Manav Suthar,Bowler,GT,2024,2.0,0.2
Robin Minz,Wicket-Keeper,GT,2024,36.0,3.6
Sushant Mishra,Bowler,GT,2024,22.0,2.2
Azmatullah Omarzai,All-Rounder,GT,2024,5.0,0.5
Shahrukh Khan,All-Rounder,GT,2024,74.0,7.4
Umesh Yadav,Bowler,GT,2024,58.0,5.8
Mujeeb Rahman,Bowler,KKR,2024,20.0,2.0
Manish Pandey,Batsman,KKR,2024,5.0,0.5
Gus Atkinson,Bowler,KKR,2024,10.0,1.0
Angkrish Raghuvanshi,Batsman,KKR,2024,2.0,0.2
Mitchell  Starc,Bowler,KKR,2024,247.5,24.75
Sherfane Rutherford,Batsman,KKR,2024,15.0,1.5
Ramandeep  Singh,All-Rounder,KKR,2024,2.0,0.2
K.S. Bharat,Wicket-Keeper,KKR,2024,5.0,0.5
Chetan Sakariya,Bowler,KKR,2024,5.0,0.5
Sakib Hussain,Bowler,KKR,2024,2.0,0.2
Ashton Turner,Batsman,LSG,2024,10.0,1.0
David Willey,All-Rounder,LSG,2024,20.0,2.0
M. Siddharth,Bowler,LSG,2024,24.0,2.4
Shivam  Mavi,Bowler,LSG,2024,64.0,6.4
Arshin Kulkarni,All-Rounder,LSG,2024,2.0,0.2
Mohd. Arshad Khan,All-Rounder,LSG,2024,2.0,0.2
Dilshan Madushanka,Bowler,MI,2024,46.0,4.6
Shreyas Gopal,Bowler,MI,2024,2.0,0.2
Shivalik Sharma,All-Rounder,MI,2024,2.0,0.2
Anshul Kamboj,All-Rounder,MI,2024,2.0,0.2
Mohammad Nabi,All-Rounder,MI,2024,15.0,1.5
Naman Dhir,All-Rounder,MI,2024,2.0,0.2
Nuwan Thushara,Bowler,MI,2024,48.0,4.8
Gerald Coetzee,All-Rounder,MI,2024,50.0,5.0
Chris Woakes,All-Rounder,PBKS,2024,42.0,4.2
Tanay Thyagarajann,All-Rounder,PBKS,2024,2.0,0.2
Vishwanath Pratap Singh,All-Rounder,PBKS,2024,2.0,0.2
Ashutosh Sharma,All-Rounder,PBKS,2024,2.0,0.2
Shashank  Singh,Batsman,PBKS,2024,2.0,0.2
Rilee Rossouw,Batsman,PBKS,2024,80.0,8.0
Prince Choudhary,Bowler,PBKS,2024,2.0,0.2
Harshal Patel,All-Rounder,PBKS,2024,117.5,11.75
Shubham Dubey,Batsman,RR,2024,58.0,5.8
Rovman Powell,Batsman,RR,2024,74.0,7.4
Abid Mushtaq,All-Rounder,RR,2024,2.0,0.2
Nandre Burger,Bowler,RR,2024,5.0,0.5
Tom Kohler-Cadmore,Wicket-Keeper,RR,2024,4.0,0.4
Lockie Ferguson,Bowler,RCB,2024,20.0,2.0
Tom Curran,All-Rounder,RCB,2024,15.0,1.5
Saurav Chuahan,Batsman,RCB,2024,2.0,0.2
Alzarri Joseph,Bowler,RCB,2024,115.0,11.5
Swapnil Singh,All-Rounder,RCB,2024,2.0,0.2
Yash  Dayal,Bowler,RCB,2024,50.0,5.0
Jhathavedh Subramanyan,Bowler,SRH,2024,2.0,0.2
Akash Singh,Bowler,SRH,2024,2.0,0.2
Jaydev Unadkat,Bowler,SRH,2024,16.0,1.6
Wanindu Hasaranga,All-Rounder,SRH,2024,15.0,1.5
Pat Cummins,All-Rounder,SRH,2024,205.0,20.5
Travis Head,Batsman,SRH,2024,68.0,6.8
